{"cagr": 0.3033594691414201, "total_return": 1.2730434364484227, "annualised_vol": 0.2994525923142857, "sharpe": 0.9675437205550885, "sortino": 1.4486866238801572, "calmar": 0.6930771320938617, "omega": 1.2008196189486957, "information_ratio": 0.42448677259904444, "alpha": 0.30592058627752444, "beta": 0.024401747587563718, "max_drawdown": -0.4376994350180593, "avg_drawdown": -0.14235919667012606, "ulcer_index": 0.18653011788117566, "max_drawdown_duration": 348, "avg_drawdown_duration": 14.934782608695652, "var_95": -0.02945911378066235, "var_99": -0.05022738882379043, "cvar_95": -0.04090373953510983, "trade_win_rate": 0.02777101096224117, "payoff_ratio": 0.5500807832076361, "profit_factor": 0.8251211748114542, "avg_holding_period": 0.0, "avg_trade_return_gross": -8.368105288263944e-06, "avg_trade_return_net": -0.00010500473636347309, "max_win_streak": 1, "max_loss_streak": 402, "annual_turnover": 30.971259890390822, "total_friction_paid": 0.39669337056373355, "t_stat": 0.7477686747792319, "p_value": 0.4548247896721557}