{"cagr": 0.16445620877170586, "total_return": 0.9378532135019457, "annualised_vol": 0.5251412106243591, "sharpe": 0.5156149077175401, "sortino": 0.7030037120173831, "calmar": 0.23978806605992253, "omega": 1.1087912772064465, "information_ratio": 0.224344576381412, "alpha": 0.29335772641014213, "beta": -0.022700515683918218, "max_drawdown": -0.6858398396299197, "avg_drawdown": -0.32609223248411334, "ulcer_index": 0.39667844584206746, "max_drawdown_duration": 772, "avg_drawdown_duration": 67.0625, "var_95": -0.050354097533985044, "var_99": -0.08543036938436643, "cvar_95": -0.07671731311080976, "trade_win_rate": 0.014776742691937038, "payoff_ratio": 3.9255728968915964, "profit_factor": 22.57204415712668, "avg_holding_period": 0.0, "avg_trade_return_gross": 0.00011631911168591253, "avg_trade_return_net": -1.110799004434125e-05, "max_win_streak": 2, "max_loss_streak": 468, "annual_turnover": 23.623768507232988, "total_friction_paid": 0.39668056768627996, "t_stat": 0.46786502552299597, "p_value": 0.6399742182960492}