{"cagr": 0.31300118961836554, "total_return": 1.325562466309071, "annualised_vol": 0.32207659446950454, "sharpe": 0.9443404425927974, "sortino": 1.3867639368865279, "calmar": 0.7143919076409916, "omega": 1.1961911867210702, "information_ratio": 0.4367981392299055, "alpha": 0.3256884736998024, "beta": -0.009846228092334102, "max_drawdown": -0.43813652740263154, "avg_drawdown": -0.13551212890538233, "ulcer_index": 0.17795308544402494, "max_drawdown_duration": 342, "avg_drawdown_duration": 13.44, "var_95": -0.031498851278267015, "var_99": -0.05133156964040615, "cvar_95": -0.04439631293769448, "trade_win_rate": 0.024742773150416463, "payoff_ratio": 0.704450082397251, "profit_factor": 1.0619322137630203, "avg_holding_period": 0.0, "avg_trade_return_gross": 2.7575349994635077e-06, "avg_trade_return_net": -8.875660760148814e-05, "max_win_streak": 2, "max_loss_streak": 411, "annual_turnover": 27.212110612021704, "total_friction_paid": 0.37356073009708457, "t_stat": 0.7694561687237745, "p_value": 0.4418552008318991}