{"cagr": 0.13314297149279564, "total_return": 0.7213928194575865, "annualised_vol": 0.5201152316696629, "sharpe": 0.4633593509861368, "sortino": 0.6305516087938369, "calmar": 0.19173183508098898, "omega": 1.0981098796714148, "information_ratio": 0.1870957656802488, "alpha": 0.2638915818485515, "beta": -0.025370046989060417, "max_drawdown": -0.6944228715933117, "avg_drawdown": -0.33516877954082697, "ulcer_index": 0.4066973527550508, "max_drawdown_duration": 777, "avg_drawdown_duration": 108.3, "var_95": -0.04935625667335628, "var_99": -0.08543036938436664, "cvar_95": -0.07625958155391606, "trade_win_rate": 0.016018306636155607, "payoff_ratio": 3.9238291766082036, "profit_factor": 17.478875423072907, "avg_holding_period": 0.0, "avg_trade_return_gross": 8.351567100339604e-05, "avg_trade_return_net": -4.3651835868882254e-05, "max_win_streak": 2, "max_loss_streak": 463, "annual_turnover": 24.976124346078187, "total_friction_paid": 0.3890054035222993, "t_stat": 0.39018355868970683, "p_value": 0.6964767046862468}